{"loss": [9.67567253112793, 4.4141106605529785, 3.544851064682007, 4.082099914550781, 3.6647720336914062, 3.613800048828125, 3.5822479724884033, 3.612393617630005, 3.718783140182495, 3.5484261512756348, 3.330233097076416, 3.062809944152832, 2.70881986618042, 2.4385836124420166, 2.308847665786743, 1.9335658550262451, 1.858341097831726, 1.6282366514205933, 1.393616795539856, 1.3635425567626953, 1.2622058391571045, 1.0589720010757446, 1.0466920137405396, 1.1121572256088257, 1.0199503898620605, 0.9625118374824524, 0.8637779951095581, 0.6889063715934753, 0.7410197854042053, 0.8030778765678406], "accuracy": [0.04847512021660805, 0.06484751403331757, 0.11300160735845566, 0.07800962775945663, 0.047191012650728226, 0.034349918365478516, 0.033707864582538605, 0.041733548045158386, 0.04494382068514824, 0.059390049427747726, 0.14157302677631378, 0.23081861436367035, 0.30401283502578735, 0.38715890049934387, 0.434349924325943, 0.5065810680389404, 0.5415730476379395, 0.6051364541053772, 0.6491171717643738, 0.6703049540519714, 0.705938994884491, 0.7357945442199707, 0.7518458962440491, 0.7762439846992493, 0.7983948588371277, 0.8105939030647278, 0.8240770697593689, 0.8526484966278076, 0.8577849268913269, 0.8513643741607666], "val_loss": [3.488776445388794, 3.310896158218384, 2.8918964862823486, 3.5699689388275146, 3.558087110519409, 3.5735690593719482, 3.5759201049804688, 3.582091808319092, 3.550614356994629, 3.690669298171997, 3.1773838996887207, 2.2883188724517822, 3.404243230819702, 1.95023775100708, 1.7782585620880127, 1.3689652681350708, 1.558684229850769, 1.17251455783844, 1.238939642906189, 1.1609560251235962, 1.1942213773727417, 1.2128962278366089, 1.3477404117584229, 6.251443386077881, 0.8936625123023987, 1.2047264575958252, 2.2898285388946533, 1.2254587411880493, 2.3404815196990967, 1.479970932006836], "val_accuracy": [0.1367521435022354, 0.09401709586381912, 0.29629629850387573, 0.03988603875041008, 0.03418803587555885, 0.03133903071284294, 0.03418803587555885, 0.03988603875041008, 0.04273504391312599, 0.07407407462596893, 0.25641027092933655, 0.4900285005569458, 0.43874645233154297, 0.5441595315933228, 0.6666666865348816, 0.74643874168396, 0.7549857497215271, 0.8034188151359558, 0.7834757566452026, 0.8831908702850342, 0.8888888955116272, 0.8518518805503845, 0.8547008633613586, 0.4900285005569458, 0.945868968963623, 0.8945869207382202, 0.6980056762695312, 0.9373219609260559, 0.6182336211204529, 0.9316239356994629]}